repo,codec,arm,round,wall_ms,cpu_ms,rss_mb_after,transferred_bytes,checkout_bytes,entry_count,error
large,gzip,prepare-miss,1,2381.300,,345.3,10136659,26808320,1988,
small,gzip,snapshot-cold,1,68.349,50.458,328.3,101856,434176,85,
large,zstd,snapshot-cold,1,778.017,651.398,228.5,9848707,26808320,1988,
many-small,gzip,snapshot-cold,1,1257.384,967.251,151.7,558527,21352448,5012,
many-small,zstd,snapshot-warm,1,1017.559,3.341,146.9,0,21352448,5012,
small,zstd,snapshot-cold,1,58.059,42.782,147.5,103801,434176,85,
large,n/a,git-cold,1,1364.153,,148.6,,26894336,1976,
many-small,gzip,prepare-miss,1,2944.177,,153.8,558930,21352448,5012,
small,n/a,git-cold,1,112.544,,147.4,,380928,29,
many-small,n/a,git-cold,1,2192.185,,146.8,,21438464,5000,
large,gzip,snapshot-cold,1,705.379,588.300,153.5,10137025,26808320,1988,
small,zstd,prepare-miss,1,250.158,,155.7,103806,434176,85,
large,n/a,git-warm,1,732.262,,150.0,,26894336,1976,
small,zstd,snapshot-warm,1,39.172,0.982,150.5,0,434176,85,
large,zstd,snapshot-warm,1,430.469,3.444,156.8,0,26808320,1988,
median,n/a,git-warm,1,112.709,,156.8,,1597440,150,
median,gzip,snapshot-warm,1,52.408,3.534,157.6,0,1511424,162,
small,gzip,snapshot-warm,1,41.039,1.025,158.0,0,434176,85,
many-small,gzip,snapshot-warm,1,1013.957,3.423,152.9,0,21352448,5012,
small,gzip,prepare-miss,1,240.149,,154.0,101859,434176,85,
many-small,n/a,git-warm,1,611.877,,154.1,,21438464,5000,
small,n/a,git-warm,1,58.443,,154.1,,380928,29,
large,zstd,prepare-miss,1,1878.268,,186.7,9848712,26808320,1988,
median,zstd,prepare-miss,1,295.969,,190.3,546165,1511424,162,
median,zstd,snapshot-warm,1,49.591,0.854,192.3,0,1511424,162,
median,gzip,snapshot-cold,1,84.362,62.152,192.4,542804,1511424,162,
large,gzip,snapshot-warm,1,397.698,4.653,193.9,0,26808320,1988,
many-small,zstd,snapshot-cold,1,1155.538,868.228,195.8,478162,21352448,5012,
median,zstd,snapshot-cold,1,86.059,64.727,195.9,546161,1511424,162,
many-small,zstd,prepare-miss,1,2381.226,,210.0,478884,21352448,5012,
median,n/a,git-cold,1,191.470,,210.0,,1597440,150,
median,gzip,prepare-miss,1,326.605,,210.7,542805,1511424,162,
small,gzip,prepare-miss,2,245.956,,210.9,101858,434176,85,
many-small,gzip,snapshot-warm,2,986.667,3.259,211.6,0,21352448,5012,
large,n/a,git-cold,2,1346.897,,211.6,,26894336,1976,
large,zstd,prepare-miss,2,1937.291,,226.4,9848597,26808320,1988,
large,gzip,prepare-miss,2,2255.204,,226.6,10136658,26808320,1988,
median,gzip,snapshot-warm,2,53.627,1.042,226.6,0,1511424,162,
small,gzip,snapshot-warm,2,39.987,0.938,226.6,0,434176,85,
many-small,gzip,snapshot-cold,2,1295.187,921.246,227.7,558527,21352448,5012,
many-small,gzip,prepare-miss,2,2872.687,,244.7,558891,21352448,5012,
small,n/a,git-cold,2,118.207,,244.7,,380928,29,
median,n/a,git-cold,2,203.932,,244.7,,1597440,150,
median,gzip,prepare-miss,2,326.490,,239.2,542806,1511424,162,
small,zstd,snapshot-warm,2,43.434,1.474,239.6,0,434176,85,
small,zstd,prepare-miss,2,246.794,,240.1,103807,434176,85,
small,zstd,snapshot-cold,2,55.591,29.314,240.1,103801,434176,85,
median,zstd,snapshot-warm,2,52.582,2.201,240.6,0,1511424,162,
median,zstd,snapshot-cold,2,88.219,61.841,240.6,546161,1511424,162,
large,zstd,snapshot-cold,2,764.775,603.749,230.5,9848707,26808320,1988,
many-small,zstd,prepare-miss,2,2346.408,,229.3,478025,21352448,5012,
large,n/a,git-warm,2,860.412,,229.3,,26894336,1976,
many-small,zstd,snapshot-warm,2,924.067,4.661,229.9,0,21352448,5012,
many-small,n/a,git-cold,2,2121.360,,229.9,,21438464,5000,
many-small,zstd,snapshot-cold,2,1164.006,868.129,230.0,478162,21352448,5012,
median,zstd,prepare-miss,2,279.181,,232.6,546165,1511424,162,
median,gzip,snapshot-cold,2,96.061,60.139,233.4,542804,1511424,162,
small,n/a,git-warm,2,59.623,,233.4,,380928,29,
many-small,n/a,git-warm,2,627.726,,233.5,,21438464,5000,
median,n/a,git-warm,2,94.491,,233.5,,1597440,150,
small,gzip,snapshot-cold,2,50.821,28.037,233.5,101856,434176,85,
large,zstd,snapshot-warm,2,424.766,3.920,234.0,0,26808320,1988,
large,gzip,snapshot-warm,2,400.661,4.300,234.3,0,26808320,1988,
large,gzip,snapshot-cold,2,682.287,568.561,234.9,10137025,26808320,1988,
large,zstd,snapshot-cold,3,791.174,678.898,235.1,9848707,26808320,1988,
large,gzip,snapshot-warm,3,421.433,4.313,235.1,0,26808320,1988,
many-small,zstd,snapshot-warm,3,992.153,3.221,235.2,0,21352448,5012,
many-small,zstd,prepare-miss,3,2380.389,,238.2,478871,21352448,5012,
median,zstd,prepare-miss,3,284.752,,239.6,546165,1511424,162,
small,n/a,git-cold,3,97.152,,239.7,,380928,29,
median,gzip,snapshot-cold,3,91.696,69.569,239.7,542804,1511424,162,
small,zstd,prepare-miss,3,221.449,,239.8,103806,434176,85,
large,n/a,git-warm,3,726.687,,239.8,,26894336,1976,
large,zstd,prepare-miss,3,1757.022,,262.7,9848035,26808320,1988,
many-small,n/a,git-cold,3,2224.105,,262.7,,21438464,5000,
large,n/a,git-cold,3,1338.548,,262.7,,26894336,1976,
small,gzip,snapshot-warm,3,43.342,1.063,262.8,0,434176,85,
small,n/a,git-warm,3,62.108,,262.8,,380928,29,
median,n/a,git-cold,3,177.846,,262.8,,1597440,150,
small,zstd,snapshot-cold,3,57.146,26.561,262.9,103801,434176,85,
many-small,gzip,snapshot-cold,3,1165.040,849.703,263.0,558527,21352448,5012,
many-small,gzip,snapshot-warm,3,895.682,6.521,263.0,0,21352448,5012,
many-small,zstd,snapshot-cold,3,1169.224,883.159,263.2,478162,21352448,5012,
many-small,n/a,git-warm,3,634.888,,263.1,,21438464,5000,
large,gzip,snapshot-cold,3,705.010,581.227,263.9,10137025,26808320,1988,
median,zstd,snapshot-warm,3,50.092,4.395,263.9,0,1511424,162,
median,zstd,snapshot-cold,3,86.267,66.993,263.9,546161,1511424,162,
median,gzip,prepare-miss,3,298.025,,264.0,542806,1511424,162,
large,gzip,prepare-miss,3,2104.802,,264.5,10137029,26808320,1988,
small,gzip,prepare-miss,3,227.480,,264.9,101860,434176,85,
median,gzip,snapshot-warm,3,49.770,1.364,264.9,0,1511424,162,
small,gzip,snapshot-cold,3,54.219,28.742,264.9,101856,434176,85,
many-small,gzip,prepare-miss,3,2284.289,,267.0,559224,21352448,5012,
median,n/a,git-warm,3,90.017,,267.0,,1597440,150,
large,zstd,snapshot-warm,3,404.750,4.480,269.0,0,26808320,1988,
small,zstd,snapshot-warm,3,36.286,0.833,269.1,0,434176,85,
median,gzip,snapshot-cold,4,82.615,61.737,269.1,542804,1511424,162,
median,n/a,git-warm,4,93.341,,269.1,,1597440,150,
many-small,n/a,git-warm,4,682.914,,269.1,,21438464,5000,
small,gzip,prepare-miss,4,228.058,,269.1,101860,434176,85,
large,n/a,git-warm,4,687.744,,269.1,,26894336,1976,
many-small,gzip,snapshot-cold,4,1263.339,916.831,269.1,558527,21352448,5012,
large,zstd,snapshot-cold,4,731.836,584.327,271.0,9848707,26808320,1988,
many-small,zstd,snapshot-warm,4,937.171,3.896,271.0,0,21352448,5012,
median,n/a,git-cold,4,182.905,,271.0,,1597440,150,
median,zstd,prepare-miss,4,272.376,,271.6,546165,1511424,162,
large,zstd,snapshot-warm,4,557.240,3.666,271.6,0,26808320,1988,
median,gzip,prepare-miss,4,301.245,,271.5,542804,1511424,162,
large,n/a,git-cold,4,1281.910,,271.5,,26894336,1976,
large,gzip,snapshot-cold,4,719.601,663.196,272.0,10137025,26808320,1988,
median,zstd,snapshot-warm,4,47.478,0.859,272.0,0,1511424,162,
small,gzip,snapshot-cold,4,49.824,25.081,272.0,101856,434176,85,
large,zstd,prepare-miss,4,1753.256,,278.0,9848713,26808320,1988,
many-small,n/a,git-cold,4,2171.470,,278.0,,21438464,5000,
large,gzip,snapshot-warm,4,421.450,4.362,278.0,0,26808320,1988,
many-small,zstd,prepare-miss,4,2306.050,,278.4,479181,21352448,5012,
median,gzip,snapshot-warm,4,52.092,0.907,278.4,0,1511424,162,
many-small,gzip,prepare-miss,4,2362.024,,278.7,559279,21352448,5012,
small,gzip,snapshot-warm,4,40.173,9.280,278.7,0,434176,85,
median,zstd,snapshot-cold,4,189.720,85.563,280.0,546161,1511424,162,
small,n/a,git-warm,4,86.327,,280.0,,380928,29,
large,gzip,prepare-miss,4,2441.071,,224.4,10138028,26812416,1988,
many-small,gzip,snapshot-warm,4,970.671,4.047,214.5,0,21352448,5012,
small,zstd,prepare-miss,4,245.433,,215.9,103807,434176,85,
many-small,zstd,snapshot-cold,4,1246.048,894.549,218.0,478162,21352448,5012,
small,zstd,snapshot-warm,4,42.015,0.958,215.2,0,434176,85,
small,n/a,git-cold,4,110.636,,214.3,,380928,29,
small,zstd,snapshot-cold,4,54.108,27.658,214.5,103801,434176,85,
median,n/a,git-warm,5,117.265,,214.5,,1597440,150,
many-small,zstd,prepare-miss,5,2690.938,,178.3,478080,21352448,5012,
large,n/a,git-cold,5,1451.060,,177.2,,26894336,1976,
many-small,gzip,snapshot-warm,5,996.443,2.561,179.1,0,21352448,5012,
median,zstd,prepare-miss,5,309.955,,184.8,546165,1511424,162,
median,n/a,git-cold,5,190.954,,184.4,,1597440,150,
large,zstd,snapshot-warm,5,455.608,4.614,181.6,0,26808320,1988,
many-small,gzip,prepare-miss,5,2544.108,,169.8,559474,21352448,5012,
many-small,gzip,snapshot-cold,5,1257.948,925.215,170.9,558527,21352448,5012,
small,n/a,git-cold,5,98.269,,170.9,,380928,29,
median,gzip,snapshot-cold,5,88.505,75.895,171.2,542804,1511424,162,
small,zstd,snapshot-cold,5,50.838,24.813,171.8,103801,434176,85,
median,gzip,snapshot-warm,5,53.302,4.549,172.6,0,1511424,162,
small,zstd,prepare-miss,5,257.214,,174.8,103807,434176,85,
many-small,n/a,git-warm,5,691.689,,174.8,,21438464,5000,
large,gzip,snapshot-warm,5,443.930,2.967,178.3,0,26808320,1988,
large,zstd,prepare-miss,5,1909.905,,215.2,9848036,26808320,1988,
many-small,n/a,git-cold,5,2152.359,,215.1,,21438464,5000,
large,n/a,git-warm,5,735.492,,215.1,,26894336,1976,
median,gzip,prepare-miss,5,302.218,,216.0,542806,1511424,162,
small,gzip,prepare-miss,5,225.826,,216.3,101860,434176,85,
large,gzip,prepare-miss,5,2186.034,,239.7,10136659,26808320,1988,
many-small,zstd,snapshot-warm,5,947.371,2.861,242.3,0,21352448,5012,
small,gzip,snapshot-cold,5,56.175,33.720,242.4,101856,434176,85,
median,zstd,snapshot-cold,5,87.875,62.223,243.7,546161,1511424,162,
small,n/a,git-warm,5,62.595,,243.7,,380928,29,
small,gzip,snapshot-warm,5,43.129,1.059,243.7,0,434176,85,
median,zstd,snapshot-warm,5,57.737,1.210,243.7,0,1511424,162,
large,gzip,snapshot-cold,5,809.912,582.211,245.4,10137025,26808320,1988,
small,zstd,snapshot-warm,5,36.141,0.839,245.4,0,434176,85,
large,zstd,snapshot-cold,5,673.328,543.805,247.9,9848707,26808320,1988,
many-small,zstd,snapshot-cold,5,1230.160,950.665,249.9,478162,21352448,5012,
many-small,zstd,snapshot-warm,6,939.978,4.182,249.9,0,21352448,5012,
small,gzip,prepare-miss,6,237.699,,250.3,101860,434176,85,
large,zstd,prepare-miss,6,1901.004,,256.8,9848906,26808320,1988,
median,zstd,snapshot-warm,6,58.052,1.041,256.9,0,1511424,162,
small,n/a,git-cold,6,112.483,,256.9,,380928,29,
many-small,gzip,snapshot-cold,6,1255.607,965.005,256.9,558527,21352448,5012,
small,gzip,snapshot-cold,6,54.047,31.704,256.9,101856,434176,85,
median,gzip,prepare-miss,6,307.894,,257.7,542805,1511424,162,
many-small,gzip,snapshot-warm,6,957.706,3.837,257.8,0,21352448,5012,
small,zstd,prepare-miss,6,226.571,,257.8,103807,434176,85,
median,n/a,git-warm,6,95.902,,257.8,,1597440,150,
many-small,zstd,prepare-miss,6,2504.365,,261.6,478105,21352448,5012,
median,zstd,prepare-miss,6,302.904,,261.6,546165,1511424,162,
small,zstd,snapshot-cold,6,52.754,27.021,261.7,103801,434176,85,
many-small,gzip,prepare-miss,6,2529.802,,264.5,559443,21352448,5012,
median,gzip,snapshot-cold,6,95.838,86.256,264.6,542804,1511424,162,
large,zstd,snapshot-cold,6,787.734,597.626,265.3,9848707,26808320,1988,
large,zstd,snapshot-warm,6,507.664,13.523,265.3,0,26808320,1988,
median,zstd,snapshot-cold,6,92.301,65.849,265.3,546161,1511424,162,
many-small,n/a,git-warm,6,764.891,,265.3,,21438464,5000,
small,gzip,snapshot-warm,6,43.582,0.862,265.3,0,434176,85,
median,n/a,git-cold,6,194.956,,265.3,,1597440,150,
small,n/a,git-warm,6,65.248,,265.3,,380928,29,
large,gzip,snapshot-warm,6,555.811,3.918,265.5,0,26808320,1988,
large,gzip,prepare-miss,6,2269.317,,267.4,10137251,26808320,1988,
large,gzip,snapshot-cold,6,749.794,616.943,267.8,10137025,26808320,1988,
large,n/a,git-warm,6,727.732,,267.8,,26894336,1976,
many-small,n/a,git-cold,6,2349.318,,267.8,,21438464,5000,
median,gzip,snapshot-warm,6,60.407,0.938,267.8,0,1511424,162,
large,n/a,git-cold,6,1328.855,,267.8,,26894336,1976,
small,zstd,snapshot-warm,6,35.563,0.844,267.8,0,434176,85,
many-small,zstd,snapshot-cold,6,1275.675,986.022,267.8,478162,21352448,5012,
large,gzip,snapshot-warm,7,422.306,4.645,268.8,0,26808320,1988,
many-small,gzip,snapshot-cold,7,1233.747,932.457,275.3,558527,21352448,5012,
median,n/a,git-warm,7,105.618,,275.3,,1597440,150,
small,zstd,snapshot-cold,7,53.747,30.759,275.3,103801,434176,85,
small,gzip,prepare-miss,7,236.531,,275.7,101860,434176,85,
many-small,zstd,prepare-miss,7,2419.287,,289.4,478373,21352448,5012,
small,zstd,snapshot-warm,7,37.537,0.902,289.4,0,434176,85,
large,zstd,snapshot-warm,7,464.966,6.928,294.3,0,26808320,1988,
large,zstd,prepare-miss,7,1924.046,,297.0,9848712,26808320,1988,
small,gzip,snapshot-warm,7,40.745,1.003,297.0,0,434176,85,
median,n/a,git-cold,7,180.110,,297.0,,1597440,150,
median,zstd,snapshot-cold,7,109.251,65.573,297.0,546161,1511424,162,
median,zstd,prepare-miss,7,285.471,,298.1,546165,1511424,162,
large,n/a,git-warm,7,692.542,,298.1,,26894336,1976,
large,n/a,git-cold,7,1383.490,,298.1,,26894336,1976,
large,gzip,snapshot-cold,7,731.401,596.299,298.1,10137025,26808320,1988,
large,zstd,snapshot-cold,7,714.992,593.701,300.5,9848707,26808320,1988,
large,gzip,prepare-miss,7,2193.878,,303.8,10136659,26808320,1988,
many-small,zstd,snapshot-cold,7,1332.128,936.973,303.8,478162,21352448,5012,
many-small,gzip,snapshot-warm,7,983.151,4.609,303.8,0,21352448,5012,
many-small,gzip,prepare-miss,7,2507.898,,304.2,558856,21352448,5012,
small,gzip,snapshot-cold,7,58.105,40.086,304.2,101856,434176,85,
small,n/a,git-cold,7,101.882,,304.2,,380928,29,
median,gzip,snapshot-cold,7,92.137,70.029,304.2,542804,1511424,162,
small,zstd,prepare-miss,7,229.598,,305.7,103805,434176,85,
many-small,n/a,git-warm,7,717.776,,305.7,,21438464,5000,
many-small,zstd,snapshot-warm,7,908.890,3.716,305.8,0,21352448,5012,
median,zstd,snapshot-warm,7,52.127,0.915,305.8,0,1511424,162,
many-small,n/a,git-cold,7,2305.916,,305.8,,21438464,5000,
small,n/a,git-warm,7,66.043,,305.8,,380928,29,
median,gzip,snapshot-warm,7,63.640,4.059,305.8,0,1511424,162,
median,gzip,prepare-miss,7,353.423,,306.0,542806,1511424,162,
small,n/a,git-warm,8,65.172,,306.0,,380928,29,
small,zstd,snapshot-warm,8,39.484,1.039,306.0,0,434176,85,
median,zstd,snapshot-cold,8,85.003,61.003,306.3,546161,1511424,162,
small,zstd,prepare-miss,8,219.478,,306.5,103807,434176,85,
median,zstd,prepare-miss,8,285.194,,306.7,546165,1511424,162,
median,gzip,prepare-miss,8,310.582,,306.7,542807,1511424,162,
median,n/a,git-warm,8,100.128,,306.7,,1597440,150,
many-small,zstd,snapshot-cold,8,1276.357,949.930,306.7,478162,21352448,5012,
small,gzip,snapshot-warm,8,38.420,0.832,306.7,0,434176,85,
large,zstd,snapshot-warm,8,466.015,5.527,306.7,0,26808320,1988,
many-small,n/a,git-warm,8,664.821,,306.6,,21438464,5000,
large,n/a,git-cold,8,1323.091,,306.6,,26898432,1976,
small,gzip,prepare-miss,8,226.310,,306.6,101860,434176,85,
large,gzip,snapshot-warm,8,448.946,3.913,307.1,0,26808320,1988,
median,gzip,snapshot-warm,8,52.757,0.897,307.1,0,1511424,162,
median,gzip,snapshot-cold,8,87.263,65.528,307.1,542804,1511424,162,
median,n/a,git-cold,8,190.656,,307.1,,1597440,150,
large,n/a,git-warm,8,709.890,,307.1,,26894336,1976,
large,gzip,snapshot-cold,8,777.817,661.610,307.1,10137025,26808320,1988,
many-small,gzip,snapshot-cold,8,1299.160,936.072,307.1,558527,21352448,5012,
large,gzip,prepare-miss,8,2150.106,,307.3,10136658,26808320,1988,
large,zstd,prepare-miss,8,1947.864,,307.4,9848712,26808320,1988,
many-small,gzip,snapshot-warm,8,977.459,4.053,307.4,0,21352448,5012,
many-small,zstd,prepare-miss,8,2670.242,,309.9,478759,21352448,5012,
median,zstd,snapshot-warm,8,54.632,0.938,309.9,0,1511424,162,
many-small,gzip,prepare-miss,8,2393.905,,310.2,559881,21352448,5012,
many-small,zstd,snapshot-warm,8,964.919,4.631,310.2,0,21352448,5012,
small,zstd,snapshot-cold,8,52.107,36.478,310.2,103801,434176,85,
large,zstd,snapshot-cold,8,667.847,540.528,310.2,9848707,26808320,1988,
small,gzip,snapshot-cold,8,54.788,39.825,310.2,101856,434176,85,
small,n/a,git-cold,8,92.468,,310.2,,380928,29,
many-small,n/a,git-cold,8,2180.155,,310.0,,21438464,5000,
many-small,gzip,snapshot-warm,9,903.191,3.578,310.0,0,21352448,5012,
large,n/a,git-cold,9,1265.574,,310.0,,26894336,1976,
many-small,gzip,snapshot-cold,9,1156.356,906.278,310.0,558527,21352448,5012,
median,gzip,snapshot-cold,9,84.528,71.385,310.0,542804,1511424,162,
small,gzip,prepare-miss,9,218.540,,310.1,101860,434176,85,
median,gzip,snapshot-warm,9,48.404,0.811,310.1,0,1511424,162,
large,gzip,snapshot-warm,9,402.228,4.493,310.9,0,26808320,1988,
large,gzip,snapshot-cold,9,669.825,575.678,310.9,10137025,26808320,1988,
many-small,gzip,prepare-miss,9,2304.590,,310.9,559281,21352448,5012,
small,gzip,snapshot-cold,9,52.815,30.293,310.9,101856,434176,85,
many-small,zstd,prepare-miss,9,2237.998,,311.5,478865,21352448,5012,
many-small,n/a,git-warm,9,637.271,,311.5,,21438464,5000,
median,zstd,snapshot-warm,9,45.389,0.862,311.5,0,1511424,162,
large,n/a,git-warm,9,653.195,,311.5,,26894336,1976,
large,zstd,prepare-miss,9,1817.592,,318.1,9848712,26808320,1988,
small,zstd,prepare-miss,9,215.714,,318.2,103807,434176,85,
small,n/a,git-cold,9,94.607,,318.2,,380928,29,
many-small,zstd,snapshot-warm,9,907.456,4.256,318.3,0,21352448,5012,
small,gzip,snapshot-warm,9,38.341,13.679,318.3,0,434176,85,
median,zstd,prepare-miss,9,273.486,,319.6,546165,1511424,162,
small,zstd,snapshot-cold,9,51.270,26.284,319.5,103801,434176,85,
median,n/a,git-warm,9,99.756,,319.5,,1597440,150,
small,zstd,snapshot-warm,9,34.456,0.671,319.5,0,434176,85,
many-small,n/a,git-cold,9,2203.743,,319.5,,21438464,5000,
median,zstd,snapshot-cold,9,95.920,65.810,319.5,546161,1511424,162,
large,gzip,prepare-miss,9,2163.165,,319.6,10138028,26812416,1988,
many-small,zstd,snapshot-cold,9,1237.959,964.863,319.6,478162,21352448,5012,
large,zstd,snapshot-cold,9,814.159,588.847,319.6,9848707,26808320,1988,
median,gzip,prepare-miss,9,321.788,,319.6,542804,1511424,162,
small,n/a,git-warm,9,60.865,,319.6,,380928,29,
large,zstd,snapshot-warm,9,428.606,1.476,319.6,0,26808320,1988,
median,n/a,git-cold,9,185.845,,319.6,,1597440,150,
median,n/a,git-cold,10,185.384,,319.6,,1597440,150,
small,zstd,prepare-miss,10,227.690,,319.9,103807,434176,85,
large,n/a,git-warm,10,688.321,,319.9,,26894336,1976,
large,gzip,snapshot-warm,10,460.064,4.357,319.9,0,26808320,1988,
many-small,zstd,snapshot-cold,10,1283.109,923.523,319.9,478162,21352448,5012,
many-small,gzip,snapshot-warm,10,1059.952,2.732,319.9,0,21352448,5012,
many-small,n/a,git-cold,10,2316.491,,319.9,,21438464,5000,
median,gzip,snapshot-cold,10,84.232,69.964,319.9,542804,1511424,162,
large,zstd,snapshot-warm,10,501.785,5.749,319.9,0,26808320,1988,
median,zstd,snapshot-warm,10,49.311,0.861,319.9,0,1511424,162,
large,zstd,snapshot-cold,10,667.008,536.468,319.9,9848707,26808320,1988,
many-small,gzip,snapshot-cold,10,1126.229,892.367,320.0,558527,21352448,5012,
median,n/a,git-warm,10,95.016,,320.0,,1597440,150,
small,zstd,snapshot-warm,10,35.954,0.760,320.0,0,434176,85,
many-small,n/a,git-warm,10,673.419,,320.0,,21438464,5000,
large,n/a,git-cold,10,1400.585,,320.0,,26894336,1976,
small,gzip,snapshot-cold,10,52.830,41.777,320.0,101856,434176,85,
large,gzip,snapshot-cold,10,673.847,577.107,320.0,10137025,26808320,1988,
small,n/a,git-cold,10,95.398,,320.0,,380928,29,
median,gzip,prepare-miss,10,295.888,,320.1,542805,1511424,162,
median,gzip,snapshot-warm,10,48.394,0.859,320.1,0,1511424,162,
small,n/a,git-warm,10,58.088,,320.1,,380928,29,
small,gzip,snapshot-warm,10,37.872,0.868,320.1,0,434176,85,
many-small,gzip,prepare-miss,10,2306.501,,320.3,559255,21352448,5012,
small,zstd,snapshot-cold,10,55.921,37.747,320.3,103801,434176,85,
median,zstd,snapshot-cold,10,82.040,60.837,320.3,546161,1511424,162,
large,gzip,prepare-miss,10,2329.683,,320.3,10136656,26808320,1988,
many-small,zstd,snapshot-warm,10,887.326,2.712,320.4,0,21352448,5012,
large,zstd,prepare-miss,10,1725.749,,323.1,9848035,26808320,1988,
small,gzip,prepare-miss,10,277.174,,323.1,101859,434176,85,
median,zstd,prepare-miss,10,275.041,,323.1,546165,1511424,162,
many-small,zstd,prepare-miss,10,2171.614,,323.3,478013,21352448,5012,
large,zstd,snapshot-cold,11,690.985,548.560,323.3,9848707,26808320,1988,
median,n/a,git-warm,11,94.661,,323.3,,1597440,150,
large,gzip,snapshot-cold,11,706.111,585.465,323.3,10137025,26808320,1988,
median,n/a,git-cold,11,171.545,,323.1,,1597440,150,
small,zstd,prepare-miss,11,223.190,,323.2,103807,434176,85,
large,n/a,git-warm,11,661.175,,323.2,,26894336,1976,
many-small,zstd,snapshot-warm,11,879.801,2.966,323.2,0,21352448,5012,
many-small,n/a,git-warm,11,640.566,,323.2,,21438464,5000,
small,gzip,snapshot-warm,11,36.927,0.902,323.2,0,434176,85,
median,gzip,snapshot-cold,11,81.185,59.297,323.2,542804,1511424,162,
median,zstd,snapshot-cold,11,79.516,57.200,323.2,546161,1511424,162,
large,zstd,prepare-miss,11,1805.847,,325.6,9848034,26808320,1988,
many-small,zstd,snapshot-cold,11,1111.849,850.932,325.6,478162,21352448,5012,
median,gzip,prepare-miss,11,305.608,,325.6,542805,1511424,162,
large,gzip,snapshot-warm,11,436.633,3.488,325.6,0,26808320,1988,
small,n/a,git-cold,11,90.325,,325.6,,380928,29,
many-small,gzip,snapshot-cold,11,1112.621,847.568,325.6,558527,21352448,5012,
median,gzip,snapshot-warm,11,48.396,0.870,325.6,0,1511424,162,
many-small,gzip,prepare-miss,11,2248.558,,325.8,559404,21352448,5012,
small,gzip,snapshot-cold,11,54.003,38.254,325.8,101856,434176,85,
small,n/a,git-warm,11,56.398,,325.8,,380928,29,
median,zstd,prepare-miss,11,273.479,,325.8,546165,1511424,162,
many-small,zstd,prepare-miss,11,2218.553,,325.8,478117,21352448,5012,
small,gzip,prepare-miss,11,221.089,,325.8,101859,434176,85,
median,zstd,snapshot-warm,11,48.647,1.035,325.8,0,1511424,162,
many-small,n/a,git-cold,11,2101.109,,325.8,,21438464,5000,
large,zstd,snapshot-warm,11,387.073,3.596,325.8,0,26808320,1988,
small,zstd,snapshot-warm,11,36.418,0.876,325.8,0,434176,85,
large,gzip,prepare-miss,11,2074.548,,325.7,10136659,26808320,1988,
many-small,gzip,snapshot-warm,11,863.990,4.064,325.7,0,21352448,5012,
large,n/a,git-cold,11,1305.576,,325.7,,26894336,1976,
small,zstd,snapshot-cold,11,54.075,36.550,325.7,103801,434176,85,
small,n/a,git-cold,12,108.308,,325.7,,380928,29,
many-small,gzip,snapshot-warm,12,856.505,3.119,325.7,0,21352448,5012,
small,gzip,prepare-miss,12,227.979,,325.8,101860,434176,85,
small,n/a,git-warm,12,57.741,,325.8,,380928,29,
many-small,zstd,snapshot-warm,12,970.883,3.244,325.8,0,21352448,5012,
median,gzip,snapshot-cold,12,86.399,72.655,325.8,542804,1511424,162,
large,gzip,prepare-miss,12,2043.191,,325.8,10136659,26808320,1988,
many-small,n/a,git-warm,12,627.676,,325.8,,21438464,5000,
large,zstd,prepare-miss,12,1746.461,,328.0,9848034,26808320,1988,
median,zstd,prepare-miss,12,267.435,,328.0,546165,1511424,162,
large,gzip,snapshot-cold,12,696.996,555.069,328.0,10137025,26808320,1988,
many-small,gzip,snapshot-cold,12,1203.657,868.119,328.0,558527,21352448,5012,
large,zstd,snapshot-warm,12,402.887,5.386,328.0,0,26808320,1988,
median,gzip,snapshot-warm,12,47.981,0.886,328.0,0,1511424,162,
small,zstd,snapshot-warm,12,34.471,0.710,328.0,0,434176,85,
many-small,zstd,prepare-miss,12,2177.846,,328.1,478491,21352448,5012,
small,gzip,snapshot-cold,12,75.156,43.206,328.1,101856,434176,85,
median,zstd,snapshot-warm,12,47.938,0.858,328.1,0,1511424,162,
median,n/a,git-warm,12,88.788,,328.1,,1597440,150,
small,gzip,snapshot-warm,12,34.374,0.735,328.1,0,434176,85,
median,gzip,prepare-miss,12,298.066,,328.1,542804,1511424,162,
large,n/a,git-cold,12,1261.614,,328.1,,26894336,1976,
small,zstd,prepare-miss,12,222.440,,328.1,103807,434176,85,
many-small,gzip,prepare-miss,12,2316.980,,328.1,559222,21352448,5012,
many-small,zstd,snapshot-cold,12,1154.644,849.020,328.1,478162,21352448,5012,
large,zstd,snapshot-cold,12,772.952,549.677,328.1,9848707,26808320,1988,
large,gzip,snapshot-warm,12,437.085,4.059,328.0,0,26808320,1988,
median,n/a,git-cold,12,171.917,,328.0,,1597440,150,
large,n/a,git-warm,12,661.633,,328.0,,26894336,1976,
median,zstd,snapshot-cold,12,83.552,72.747,328.0,546161,1511424,162,
small,zstd,snapshot-cold,12,49.183,25.702,328.0,103801,434176,85,
many-small,n/a,git-cold,12,2101.508,,328.0,,21438464,5000,
small,zstd,snapshot-warm,13,44.139,0.956,328.0,0,434176,85,
large,zstd,snapshot-warm,13,398.724,3.917,328.0,0,26808320,1988,
large,gzip,snapshot-warm,13,419.032,4.798,328.0,0,26808320,1988,
many-small,zstd,prepare-miss,13,2414.567,,331.2,479370,21352448,5012,
many-small,n/a,git-cold,13,2175.092,,331.2,,21438464,5000,
many-small,gzip,snapshot-cold,13,1217.579,891.279,331.2,558527,21352448,5012,
many-small,gzip,prepare-miss,13,2436.817,,331.4,558429,21352448,5012,
small,n/a,git-warm,13,62.580,,331.4,,380928,29,
median,gzip,snapshot-warm,13,53.306,0.961,331.4,0,1511424,162,
many-small,n/a,git-warm,13,695.412,,331.4,,21438464,5000,
many-small,gzip,snapshot-warm,13,982.667,4.024,331.4,0,21352448,5012,
median,n/a,git-cold,13,200.097,,331.4,,1597440,150,
median,zstd,prepare-miss,13,298.195,,331.4,546165,1511424,162,
small,zstd,prepare-miss,13,229.700,,331.4,103806,434176,85,
many-small,zstd,snapshot-cold,13,1171.878,909.429,331.4,478162,21352448,5012,
large,zstd,prepare-miss,13,1771.762,,331.8,9848036,26808320,1988,
many-small,zstd,snapshot-warm,13,851.497,6.362,331.8,0,21352448,5012,
median,gzip,prepare-miss,13,297.262,,331.8,542805,1511424,162,
large,zstd,snapshot-cold,13,687.138,542.585,331.7,9848707,26808320,1988,
median,zstd,snapshot-warm,13,49.001,0.952,331.7,0,1511424,162,
median,n/a,git-warm,13,93.481,,331.7,,1597440,150,
small,gzip,prepare-miss,13,221.423,,331.7,101860,434176,85,
large,n/a,git-cold,13,1300.213,,331.7,,26894336,1976,
large,gzip,prepare-miss,13,2168.889,,331.7,10137028,26808320,1988,
small,n/a,git-cold,13,89.950,,331.7,,380928,29,
large,gzip,snapshot-cold,13,672.594,571.110,331.7,10137025,26808320,1988,
large,n/a,git-warm,13,664.856,,331.7,,26894336,1976,
median,gzip,snapshot-cold,13,85.684,72.613,331.7,542804,1511424,162,
small,gzip,snapshot-warm,13,38.830,0.862,331.7,0,434176,85,
small,zstd,snapshot-cold,13,50.068,29.187,331.7,103801,434176,85,
small,gzip,snapshot-cold,13,49.244,24.380,331.7,101856,434176,85,
median,zstd,snapshot-cold,13,77.475,59.727,331.7,546161,1511424,162,
small,gzip,prepare-miss,14,218.308,,331.8,101860,434176,85,
many-small,gzip,snapshot-warm,14,898.219,3.191,331.8,0,21352448,5012,
many-small,n/a,git-cold,14,2084.099,,331.8,,21438464,5000,
median,n/a,git-cold,14,206.207,,331.8,,1597440,150,
many-small,zstd,snapshot-cold,14,1134.621,839.497,331.8,478162,21352448,5012,
median,gzip,snapshot-warm,14,47.038,0.832,331.8,0,1511424,162,
large,gzip,snapshot-warm,14,417.461,5.010,331.8,0,26808320,1988,
large,zstd,prepare-miss,14,1780.286,,331.9,9848712,26808320,1988,
large,n/a,git-cold,14,1315.847,,331.9,,26894336,1976,
many-small,n/a,git-warm,14,644.958,,331.9,,21438464,5000,
large,gzip,prepare-miss,14,2020.178,,332.3,10136856,26808320,1988,
small,gzip,snapshot-warm,14,34.758,0.791,332.3,0,434176,85,
small,n/a,git-cold,14,91.698,,332.3,,380928,29,
median,zstd,snapshot-warm,14,47.610,1.594,332.3,0,1511424,162,
median,gzip,snapshot-cold,14,79.615,58.447,332.3,542804,1511424,162,
many-small,zstd,prepare-miss,14,2194.665,,332.3,478838,21352448,5012,
many-small,gzip,prepare-miss,14,2378.384,,332.3,559282,21352448,5012,
median,gzip,prepare-miss,14,297.192,,332.4,542805,1511424,162,
median,zstd,snapshot-cold,14,91.090,65.724,332.4,546161,1511424,162,
large,gzip,snapshot-cold,14,662.772,578.692,332.4,10137025,26808320,1988,
small,gzip,snapshot-cold,14,51.844,29.346,332.4,101856,434176,85,
median,zstd,prepare-miss,14,273.754,,332.4,546165,1511424,162,
small,zstd,prepare-miss,14,218.526,,332.6,103807,434176,85,
many-small,zstd,snapshot-warm,14,873.122,4.150,332.6,0,21352448,5012,
large,zstd,snapshot-cold,14,713.028,573.850,332.6,9848707,26808320,1988,
small,n/a,git-warm,14,57.635,,332.6,,380928,29,
median,n/a,git-warm,14,89.424,,332.6,,1597440,150,
small,zstd,snapshot-cold,14,52.392,41.089,332.6,103801,434176,85,
small,zstd,snapshot-warm,14,33.429,0.631,332.6,0,434176,85,
large,zstd,snapshot-warm,14,525.706,4.913,332.6,0,26808320,1988,
large,n/a,git-warm,14,664.009,,332.5,,26894336,1976,
many-small,gzip,snapshot-cold,14,1233.014,923.717,332.5,558527,21352448,5012,
small,n/a,git-warm,15,62.695,,332.5,,380928,29,
many-small,gzip,snapshot-warm,15,979.696,11.899,332.5,0,21352448,5012,
median,gzip,snapshot-cold,15,85.314,62.988,332.5,542804,1511424,162,
many-small,gzip,snapshot-cold,15,1198.855,915.145,332.5,558527,21352448,5012,
many-small,gzip,prepare-miss,15,2427.278,,332.5,559129,21352448,5012,
many-small,zstd,snapshot-cold,15,1251.602,924.323,332.5,478162,21352448,5012,
small,zstd,prepare-miss,15,227.477,,332.5,103807,434176,85,
median,zstd,snapshot-cold,15,83.442,63.587,332.5,546161,1511424,162,
median,n/a,git-warm,15,96.129,,332.5,,1597440,150,
many-small,zstd,snapshot-warm,15,930.293,3.188,332.6,0,21352448,5012,
small,zstd,snapshot-cold,15,53.808,32.068,332.6,103801,434176,85,
many-small,n/a,git-warm,15,713.368,,332.6,,21438464,5000,
small,n/a,git-cold,15,101.277,,332.6,,380928,29,
median,n/a,git-cold,15,183.696,,332.6,,1597440,150,
small,gzip,snapshot-warm,15,37.949,0.828,332.6,0,434176,85,
large,zstd,snapshot-cold,15,739.040,564.058,332.6,9848707,26808320,1988,
median,gzip,prepare-miss,15,313.767,,332.6,542806,1511424,162,
small,gzip,prepare-miss,15,227.295,,332.6,101859,434176,85,
large,n/a,git-cold,15,1414.743,,324.4,,26894336,1976,
large,zstd,prepare-miss,15,2051.060,,213.2,9848033,26808320,1988,
large,gzip,snapshot-warm,15,491.804,4.549,216.2,0,26808320,1988,
median,zstd,prepare-miss,15,290.290,,219.5,546165,1511424,162,
median,gzip,snapshot-warm,15,51.285,0.923,220.1,0,1511424,162,
small,gzip,snapshot-cold,15,52.084,25.569,220.3,101856,434176,85,
large,gzip,snapshot-cold,15,798.641,655.055,221.8,10137025,26808320,1988,
large,zstd,snapshot-warm,15,478.522,5.203,183.6,0,26808320,1988,
small,zstd,snapshot-warm,15,42.597,1.002,178.3,0,434176,85,
large,n/a,git-warm,15,798.434,,132.9,,26894336,1976,
many-small,zstd,prepare-miss,15,4200.711,,136.3,478017,21352448,5012,
large,gzip,prepare-miss,15,2606.692,,190.3,10136658,26808320,1988,
median,zstd,snapshot-warm,15,52.790,0.800,191.9,0,1511424,162,
many-small,n/a,git-cold,15,2407.869,,137.6,,21438464,5000,
many-small,gzip,snapshot-cold,16,1333.883,1016.352,133.3,558527,21352448,5012,
small,zstd,prepare-miss,16,444.915,,117.6,103807,434176,85,
median,n/a,git-warm,16,175.584,,117.5,,1597440,150,
median,gzip,prepare-miss,16,533.656,,132.7,542807,1511424,162,
small,n/a,git-cold,16,228.195,,132.8,,380928,29,
large,zstd,snapshot-warm,16,525.869,5.679,119.3,0,26808320,1988,
small,gzip,snapshot-cold,16,72.556,41.933,123.1,101856,434176,85,
small,gzip,snapshot-warm,16,48.978,1.860,123.1,0,434176,85,
large,n/a,git-cold,16,1654.720,,105.3,,26894336,1976,
many-small,zstd,snapshot-warm,16,1141.621,4.327,135.6,0,21352448,5012,
small,gzip,prepare-miss,16,275.983,,140.3,101859,434176,85,
median,gzip,snapshot-warm,16,65.778,1.959,140.6,0,1511424,162,
small,zstd,snapshot-warm,16,61.334,1.401,133.5,0,434176,85,
median,n/a,git-cold,16,263.491,,133.1,,1597440,150,
large,gzip,snapshot-warm,16,621.794,5.360,146.4,0,26808320,1988,
many-small,n/a,git-cold,16,3015.812,,100.1,,21438464,5000,
many-small,gzip,snapshot-warm,16,926.917,3.606,142.6,0,21352448,5012,
small,zstd,snapshot-cold,16,56.160,35.185,143.6,103801,434176,85,
median,zstd,prepare-miss,16,291.042,,154.3,546165,1511424,162,
small,n/a,git-warm,16,61.638,,154.3,,380928,29,
many-small,n/a,git-warm,16,656.270,,154.4,,21438464,5000,
many-small,zstd,snapshot-cold,16,1247.622,889.301,160.1,478162,21352448,5012,
many-small,zstd,prepare-miss,16,2346.402,,174.9,478900,21352448,5012,
median,zstd,snapshot-warm,16,52.886,1.109,175.9,0,1511424,162,
median,zstd,snapshot-cold,16,83.378,62.218,176.7,546161,1511424,162,
large,zstd,snapshot-cold,16,692.299,576.104,184.6,9848707,26808320,1988,
large,n/a,git-warm,16,662.528,,184.6,,26894336,1976,
many-small,gzip,prepare-miss,16,2374.962,,187.3,558116,21352448,5012,
large,gzip,prepare-miss,16,2238.033,,221.9,10137709,26812416,1988,
median,gzip,snapshot-cold,16,93.419,81.099,222.0,542804,1511424,162,
large,zstd,prepare-miss,16,1855.241,,237.6,9848036,26808320,1988,
large,gzip,snapshot-cold,16,772.728,617.924,239.8,10137025,26808320,1988,
large,zstd,snapshot-warm,17,416.485,4.663,240.0,0,26808320,1988,
small,gzip,snapshot-cold,17,51.609,35.452,240.0,101856,434176,85,
large,gzip,snapshot-warm,17,398.574,4.411,240.1,0,26808320,1988,
small,n/a,git-warm,17,60.081,,240.1,,380928,29,
large,gzip,prepare-miss,17,2051.900,,241.3,10137028,26808320,1988,
small,n/a,git-cold,17,92.167,,241.3,,380928,29,
median,zstd,snapshot-cold,17,85.928,63.267,241.3,546161,1511424,162,
many-small,gzip,snapshot-cold,17,1204.712,893.228,241.3,558527,21352448,5012,
many-small,zstd,snapshot-cold,17,1164.808,852.424,246.4,478162,21352448,5012,
large,n/a,git-warm,17,724.068,,246.4,,26894336,1976,
median,n/a,git-warm,17,98.387,,246.4,,1597440,150,
small,zstd,prepare-miss,17,229.344,,247.9,103807,434176,85,
large,n/a,git-cold,17,1323.867,,247.9,,26894336,1976,
small,gzip,snapshot-warm,17,41.042,0.787,247.9,0,434176,85,
small,gzip,prepare-miss,17,252.058,,248.0,101860,434176,85,
many-small,zstd,snapshot-warm,17,1026.788,2.061,248.0,0,21352448,5012,
median,gzip,snapshot-warm,17,52.559,0.878,248.1,0,1511424,162,
many-small,zstd,prepare-miss,17,2252.623,,253.9,478108,21352448,5012,
median,zstd,prepare-miss,17,281.658,,254.3,546165,1511424,162,
median,gzip,snapshot-cold,17,84.147,61.639,254.3,542804,1511424,162,
small,zstd,snapshot-cold,17,48.916,24.750,254.5,103801,434176,85,
large,zstd,snapshot-cold,17,678.389,555.917,254.8,9848707,26808320,1988,
large,zstd,prepare-miss,17,1766.970,,258.8,9848034,26808320,1988,
many-small,gzip,prepare-miss,17,2367.076,,259.4,558683,21352448,5012,
many-small,gzip,snapshot-warm,17,906.199,2.924,259.8,0,21352448,5012,
many-small,n/a,git-cold,17,2083.832,,259.8,,21438464,5000,
many-small,n/a,git-warm,17,658.595,,259.8,,21438464,5000,
median,n/a,git-cold,17,187.850,,259.8,,1597440,150,
median,gzip,prepare-miss,17,311.870,,259.8,542805,1511424,162,
small,zstd,snapshot-warm,17,40.654,0.774,259.8,0,434176,85,
large,gzip,snapshot-cold,17,742.794,628.445,259.8,10137025,26808320,1988,
median,zstd,snapshot-warm,17,51.936,0.792,259.8,0,1511424,162,
small,zstd,snapshot-cold,18,56.556,37.478,259.8,103801,434176,85,
many-small,gzip,snapshot-warm,18,998.452,4.164,259.8,0,21352448,5012,
many-small,zstd,prepare-miss,18,2440.865,,263.1,478348,21352448,5012,
small,n/a,git-cold,18,99.134,,263.1,,380928,29,
large,zstd,prepare-miss,18,1827.414,,285.7,9848036,26808320,1988,
large,gzip,snapshot-cold,18,768.835,605.659,285.7,10137025,26808320,1988,
many-small,gzip,snapshot-cold,18,1212.208,928.447,285.7,558527,21352448,5012,
median,zstd,prepare-miss,18,287.129,,286.0,546165,1511424,162,
large,n/a,git-warm,18,724.382,,286.0,,26894336,1976,
large,gzip,prepare-miss,18,2386.936,,286.4,10136659,26808320,1988,
small,zstd,snapshot-warm,18,37.843,0.841,286.4,0,434176,85,
small,n/a,git-warm,18,64.106,,286.4,,380928,29,
small,gzip,snapshot-cold,18,55.959,27.461,286.4,101856,434176,85,
many-small,zstd,snapshot-warm,18,922.892,3.357,286.4,0,21352448,5012,
median,gzip,snapshot-warm,18,49.868,0.859,286.4,0,1511424,162,
large,n/a,git-cold,18,1379.337,,286.4,,26894336,1976,
median,n/a,git-warm,18,97.847,,286.4,,1597440,150,
median,zstd,snapshot-warm,18,53.156,0.897,286.5,0,1511424,162,
small,gzip,prepare-miss,18,238.816,,286.5,101859,434176,85,
many-small,zstd,snapshot-cold,18,1171.381,859.880,286.5,478162,21352448,5012,
large,zstd,snapshot-cold,18,724.166,569.180,286.6,9848707,26808320,1988,
median,gzip,snapshot-cold,18,88.215,71.440,286.5,542804,1511424,162,
median,zstd,snapshot-cold,18,87.144,63.577,286.5,546161,1511424,162,
median,n/a,git-cold,18,184.337,,286.5,,1597440,150,
large,gzip,snapshot-warm,18,429.898,3.797,286.5,0,26808320,1988,
many-small,n/a,git-cold,18,2384.704,,286.5,,21438464,5000,
many-small,gzip,prepare-miss,18,2515.259,,286.7,558213,21352448,5012,
large,zstd,snapshot-warm,18,423.086,4.160,286.8,0,26808320,1988,
small,gzip,snapshot-warm,18,37.338,0.854,286.8,0,434176,85,
many-small,n/a,git-warm,18,666.003,,286.8,,21438464,5000,
median,gzip,prepare-miss,18,311.890,,287.1,542805,1511424,162,
small,zstd,prepare-miss,18,225.083,,287.1,103806,434176,85,
median,zstd,prepare-miss,19,293.563,,287.1,546165,1511424,162,
median,n/a,git-warm,19,93.602,,287.1,,1597440,150,
small,zstd,snapshot-cold,19,55.982,38.851,287.1,103801,434176,85,
large,zstd,prepare-miss,19,1905.132,,291.5,9848906,26808320,1988,
many-small,gzip,snapshot-warm,19,995.303,6.638,291.5,0,21352448,5012,
small,n/a,git-cold,19,97.860,,291.5,,380928,29,
many-small,zstd,snapshot-warm,19,953.658,4.641,291.5,0,21352448,5012,
small,zstd,prepare-miss,19,235.138,,292.9,103805,434176,85,
large,zstd,snapshot-warm,19,496.387,4.248,292.9,0,26808320,1988,
many-small,gzip,prepare-miss,19,2368.381,,296.1,559787,21352448,5012,
small,gzip,snapshot-cold,19,57.583,36.000,296.1,101856,434176,85,
large,gzip,snapshot-warm,19,439.520,6.083,296.1,0,26808320,1988,
small,n/a,git-warm,19,61.315,,296.1,,380928,29,
small,gzip,prepare-miss,19,245.162,,296.2,101860,434176,85,
many-small,zstd,snapshot-cold,19,1298.926,949.815,296.3,478162,21352448,5012,
large,gzip,prepare-miss,19,2410.096,,310.4,10136659,26808320,1988,
large,n/a,git-cold,19,1401.181,,310.4,,26894336,1976,
small,zstd,snapshot-warm,19,37.797,0.958,298.1,0,434176,85,
large,zstd,snapshot-cold,19,692.957,542.822,292.1,9848707,26808320,1988,
many-small,zstd,prepare-miss,19,2510.352,,289.2,478450,21352448,5012,
median,zstd,snapshot-cold,19,85.642,77.597,289.3,546161,1511424,162,
small,gzip,snapshot-warm,19,37.829,0.834,289.3,0,434176,85,
large,gzip,snapshot-cold,19,703.793,576.041,289.3,10137025,26808320,1988,
many-small,gzip,snapshot-cold,19,1274.791,915.084,289.3,558527,21352448,5012,
large,n/a,git-warm,19,682.918,,289.3,,26894336,1976,
many-small,n/a,git-cold,19,2175.377,,289.3,,21438464,5000,
median,n/a,git-cold,19,217.820,,289.3,,1597440,150,
many-small,n/a,git-warm,19,684.310,,289.3,,21438464,5000,
median,gzip,prepare-miss,19,307.344,,289.3,542805,1511424,162,
median,gzip,snapshot-warm,19,53.432,0.914,289.4,0,1511424,162,
median,zstd,snapshot-warm,19,52.315,0.786,289.4,0,1511424,162,
median,gzip,snapshot-cold,19,89.202,63.388,289.4,542804,1511424,162,
median,gzip,prepare-miss,20,308.874,,289.6,542805,1511424,162,
small,zstd,snapshot-cold,20,57.211,28.169,289.9,103801,434176,85,
median,zstd,snapshot-warm,20,48.734,0.799,289.9,0,1511424,162,
small,n/a,git-cold,20,98.684,,289.9,,380928,29,
large,zstd,prepare-miss,20,1878.257,,293.6,9848036,26808320,1988,
large,n/a,git-cold,20,1390.225,,293.6,,26894336,1976,
many-small,zstd,snapshot-cold,20,1231.657,932.753,293.7,478162,21352448,5012,
median,gzip,snapshot-warm,20,52.355,0.990,293.7,0,1511424,162,
large,gzip,snapshot-cold,20,715.537,576.542,293.7,10137025,26808320,1988,
many-small,n/a,git-warm,20,638.530,,293.7,,21438464,5000,
many-small,gzip,prepare-miss,20,2408.243,,294.2,558993,21352448,5012,
median,zstd,snapshot-cold,20,93.807,70.740,294.2,546161,1511424,162,
large,zstd,snapshot-warm,20,477.463,8.524,294.2,0,26808320,1988,
large,gzip,snapshot-warm,20,614.569,5.254,294.5,0,26808320,1988,
small,gzip,snapshot-cold,20,57.836,38.260,294.5,101856,434176,85,
median,gzip,snapshot-cold,20,98.653,66.638,294.5,542804,1511424,162,
small,gzip,snapshot-warm,20,42.021,3.152,294.5,0,434176,85,
many-small,n/a,git-cold,20,2425.375,,294.5,,21438464,5000,
many-small,zstd,snapshot-warm,20,948.945,3.012,294.5,0,21352448,5012,
many-small,gzip,snapshot-cold,20,1191.089,895.473,294.4,558527,21352448,5012,
small,zstd,prepare-miss,20,241.015,,294.5,103806,434176,85,
large,zstd,snapshot-cold,20,710.392,570.786,296.6,9848707,26808320,1988,
large,gzip,prepare-miss,20,2174.498,,297.0,10136856,26808320,1988,
many-small,zstd,prepare-miss,20,2417.005,,299.5,477520,21352448,5012,
many-small,gzip,snapshot-warm,20,884.242,4.694,299.5,0,21352448,5012,
small,n/a,git-warm,20,58.903,,299.5,,380928,29,
large,n/a,git-warm,20,685.384,,299.5,,26894336,1976,
median,n/a,git-cold,20,180.660,,299.5,,1597440,150,
small,zstd,snapshot-warm,20,36.686,0.786,299.5,0,434176,85,
median,n/a,git-warm,20,91.142,,299.5,,1597440,150,
median,zstd,prepare-miss,20,276.938,,299.5,546165,1511424,162,
small,gzip,prepare-miss,20,235.329,,299.6,101860,434176,85,
median,n/a,git-cold,21,175.098,,299.6,,1597440,150,
many-small,zstd,prepare-miss,21,2442.058,,303.8,479104,21352448,5012,
small,n/a,git-cold,21,117.090,,303.8,,380928,29,
small,gzip,snapshot-cold,21,61.178,33.108,303.8,101856,434176,85,
median,gzip,snapshot-warm,21,55.138,0.833,303.8,0,1511424,162,
many-small,gzip,snapshot-cold,21,1328.113,966.922,303.8,558527,21352448,5012,
many-small,gzip,snapshot-warm,21,1060.264,14.146,200.4,0,21352448,5012,
median,n/a,git-warm,21,107.076,,194.6,,1597440,150,
small,zstd,prepare-miss,21,246.037,,189.9,103807,434176,85,
median,gzip,snapshot-cold,21,89.660,65.805,192.0,542804,1511424,162,
small,gzip,snapshot-warm,21,43.672,1.029,192.4,0,434176,85,
large,gzip,prepare-miss,21,2330.532,,207.0,10137251,26808320,1988,
many-small,zstd,snapshot-cold,21,2005.469,1104.120,161.4,478162,21352448,5012,
large,n/a,git-warm,21,856.391,,161.8,,26894336,1976,
large,gzip,snapshot-warm,21,555.167,5.891,161.7,0,26808320,1988,
many-small,n/a,git-cold,21,3023.871,,154.0,,21438464,5000,
large,zstd,snapshot-cold,21,775.475,661.981,163.6,9848707,26808320,1988,
large,gzip,snapshot-cold,21,872.044,762.912,139.6,10137025,26808320,1988,
small,zstd,snapshot-warm,21,99.233,4.441,129.8,0,434176,85,
many-small,zstd,snapshot-warm,21,1242.411,6.208,88.7,0,21352448,5012,
median,zstd,snapshot-warm,21,62.990,1.850,125.5,0,1511424,162,
large,n/a,git-cold,21,1574.467,,118.0,,26894336,1976,
many-small,n/a,git-warm,21,949.147,,89.5,,21438464,5000,
large,zstd,prepare-miss,21,2131.905,,137.3,9848033,26808320,1988,
small,n/a,git-warm,21,86.724,,132.1,,380928,29,
median,gzip,prepare-miss,21,426.759,,132.0,542806,1511424,162,
median,zstd,prepare-miss,21,415.649,,144.6,546165,1511424,162,
median,zstd,snapshot-cold,21,108.447,90.290,143.1,546161,1511424,162,
large,zstd,snapshot-warm,21,509.518,4.409,162.3,0,26808320,1988,
small,zstd,snapshot-cold,21,65.838,47.950,163.2,103801,434176,85,
many-small,gzip,prepare-miss,21,2476.241,,174.7,559766,21352448,5012,
small,gzip,prepare-miss,21,231.818,,175.6,101859,434176,85,
large,zstd,prepare-miss,22,1836.575,,214.4,9848034,26808320,1988,
large,n/a,git-cold,22,1293.552,,214.4,,26894336,1976,
large,zstd,snapshot-warm,22,406.714,4.211,217.8,0,26808320,1988,
small,zstd,snapshot-warm,22,38.622,5.262,217.8,0,434176,85,
many-small,gzip,snapshot-warm,22,863.726,3.052,217.9,0,21352448,5012,
small,n/a,git-warm,22,58.008,,218.0,,380928,29,
median,zstd,snapshot-warm,22,48.619,2.700,219.4,0,1511424,162,
many-small,zstd,prepare-miss,22,2266.157,,224.6,478131,21352448,5012,
median,n/a,git-cold,22,171.000,,224.5,,1597440,150,
small,gzip,prepare-miss,22,229.204,,225.0,101860,434176,85,
median,n/a,git-warm,22,88.331,,225.0,,1597440,150,
many-small,zstd,snapshot-cold,22,1229.763,855.335,227.4,478162,21352448,5012,
many-small,gzip,prepare-miss,22,2431.673,,228.9,559752,21352448,5012,
median,zstd,prepare-miss,22,301.707,,232.0,546165,1511424,162,
large,gzip,snapshot-cold,22,764.876,578.704,234.1,10137025,26808320,1988,
small,n/a,git-cold,22,97.801,,234.1,,380928,29,
large,n/a,git-warm,22,678.987,,234.1,,26894336,1976,
large,zstd,snapshot-cold,22,802.200,580.531,234.9,9848707,26808320,1988,
small,zstd,snapshot-cold,22,55.155,29.104,234.9,103801,434176,85,
large,gzip,snapshot-warm,22,460.320,5.769,235.4,0,26808320,1988,
many-small,gzip,snapshot-cold,22,1217.833,904.960,235.5,558527,21352448,5012,
large,gzip,prepare-miss,22,2141.571,,239.8,10136656,26808320,1988,
median,gzip,prepare-miss,22,374.448,,239.8,542804,1511424,162,
median,gzip,snapshot-cold,22,86.563,59.751,239.8,542804,1511424,162,
median,gzip,snapshot-warm,22,50.021,3.226,239.8,0,1511424,162,
median,zstd,snapshot-cold,22,90.043,59.329,240.0,546161,1511424,162,
small,zstd,prepare-miss,22,225.653,,241.6,103806,434176,85,
many-small,n/a,git-cold,22,2307.997,,241.7,,21438464,5000,
small,gzip,snapshot-warm,22,50.468,0.966,241.7,0,434176,85,
small,gzip,snapshot-cold,22,65.065,30.653,241.7,101856,434176,85,
many-small,n/a,git-warm,22,638.623,,241.7,,21438464,5000,
many-small,zstd,snapshot-warm,22,887.726,4.557,241.9,0,21352448,5012,
large,gzip,snapshot-warm,23,426.647,5.422,242.5,0,26808320,1988,
many-small,n/a,git-warm,23,625.715,,242.5,,21438464,5000,
median,zstd,prepare-miss,23,285.373,,243.7,546165,1511424,162,
median,zstd,snapshot-warm,23,48.036,0.812,243.7,0,1511424,162,
many-small,zstd,snapshot-warm,23,962.709,4.274,243.7,0,21352448,5012,
large,n/a,git-warm,23,734.295,,243.7,,26894336,1976,
large,gzip,prepare-miss,23,2029.912,,246.4,10137030,26808320,1988,
small,n/a,git-warm,23,58.826,,246.4,,380928,29,
small,gzip,prepare-miss,23,220.786,,246.4,101859,434176,85,
large,zstd,prepare-miss,23,1767.954,,249.6,9848964,26808320,1988,
large,n/a,git-cold,23,1418.750,,249.6,,26894336,1976,
many-small,zstd,prepare-miss,23,2415.061,,250.1,477172,21352448,5012,
median,n/a,git-warm,23,98.241,,250.1,,1597440,150,
small,gzip,snapshot-warm,23,39.398,1.034,250.1,0,434176,85,
median,gzip,prepare-miss,23,318.616,,250.1,542805,1511424,162,
many-small,gzip,prepare-miss,23,2574.058,,250.5,558961,21352448,5012,
many-small,n/a,git-cold,23,2225.560,,250.5,,21438464,5000,
median,zstd,snapshot-cold,23,90.337,75.161,250.5,546161,1511424,162,
median,gzip,snapshot-warm,23,54.580,1.276,250.5,0,1511424,162,
small,n/a,git-cold,23,104.108,,250.5,,380928,29,
large,zstd,snapshot-warm,23,486.493,4.133,250.5,0,26808320,1988,
many-small,zstd,snapshot-cold,23,1253.298,891.749,250.4,478162,21352448,5012,
many-small,gzip,snapshot-warm,23,973.661,4.770,250.4,0,21352448,5012,
median,n/a,git-cold,23,190.042,,250.4,,1597440,150,
small,zstd,prepare-miss,23,242.784,,251.8,103807,434176,85,
large,zstd,snapshot-cold,23,709.867,621.239,252.7,9848707,26808320,1988,
small,zstd,snapshot-cold,23,55.260,31.155,252.7,103801,434176,85,
large,gzip,snapshot-cold,23,751.205,637.864,252.7,10137025,26808320,1988,
many-small,gzip,snapshot-cold,23,1222.568,910.940,252.9,558527,21352448,5012,
median,gzip,snapshot-cold,23,88.002,72.232,252.9,542804,1511424,162,
small,zstd,snapshot-warm,23,37.506,0.918,252.9,0,434176,85,
small,gzip,snapshot-cold,23,51.212,27.479,252.9,101856,434176,85,
many-small,gzip,snapshot-warm,24,942.692,3.282,253.0,0,21352448,5012,
large,zstd,snapshot-cold,24,752.733,585.306,253.0,9848707,26808320,1988,
large,gzip,prepare-miss,24,2182.346,,253.2,10136659,26808320,1988,
many-small,zstd,snapshot-cold,24,1331.133,952.820,253.1,478162,21352448,5012,
large,gzip,snapshot-cold,24,873.191,746.875,253.1,10137025,26808320,1988,
large,n/a,git-warm,24,781.793,,253.1,,26894336,1976,
small,gzip,snapshot-warm,24,43.487,0.998,253.1,0,434176,85,
median,n/a,git-cold,24,193.803,,253.1,,1597440,150,
many-small,zstd,snapshot-warm,24,1063.239,3.658,253.1,0,21352448,5012,
large,zstd,snapshot-warm,24,629.994,4.753,253.2,0,26808320,1988,
median,zstd,prepare-miss,24,316.369,,253.3,546165,1511424,162,
small,zstd,prepare-miss,24,239.002,,253.8,103807,434176,85,
median,zstd,snapshot-cold,24,99.696,71.172,253.8,546161,1511424,162,
median,gzip,prepare-miss,24,335.859,,253.8,542805,1511424,162,
large,gzip,snapshot-warm,24,529.288,3.790,253.8,0,26808320,1988,
many-small,gzip,snapshot-cold,24,1662.306,1011.410,154.9,558527,21352448,5012,
small,zstd,snapshot-warm,24,52.226,0.930,155.7,0,434176,85,
many-small,zstd,prepare-miss,24,3457.135,,175.6,477539,21352448,5012,
median,zstd,snapshot-warm,24,55.698,2.189,176.9,0,1511424,162,
median,n/a,git-warm,24,103.271,,176.9,,1597440,150,
small,zstd,snapshot-cold,24,57.812,28.485,177.2,103801,434176,85,
small,n/a,git-warm,24,69.014,,177.2,,380928,29,
many-small,n/a,git-cold,24,2434.361,,177.2,,21438464,5000,
small,gzip,prepare-miss,24,272.726,,176.8,101860,434176,85,
median,gzip,snapshot-cold,24,95.163,76.105,166.0,542804,1511424,162,
small,n/a,git-cold,24,114.035,,165.9,,380928,29,
small,gzip,snapshot-cold,24,55.609,27.223,166.4,101856,434176,85,
large,zstd,prepare-miss,24,2670.168,,195.2,9848035,26808320,1988,
large,n/a,git-cold,24,1427.086,,168.6,,26894336,1976,
many-small,gzip,prepare-miss,24,2710.841,,168.8,559162,21352448,5012,
median,gzip,snapshot-warm,24,58.252,1.322,169.3,0,1511424,162,
many-small,n/a,git-warm,24,836.412,,168.8,,21438464,5000,
many-small,n/a,git-cold,25,2459.364,,144.0,,21438464,5000,
small,zstd,snapshot-warm,25,49.298,1.053,145.2,0,434176,85,
large,n/a,git-warm,25,828.162,,129.2,,26894336,1976,
median,n/a,git-warm,25,128.690,,129.3,,1597440,150,
median,gzip,snapshot-warm,25,59.327,1.022,129.7,0,1511424,162,
many-small,n/a,git-warm,25,849.263,,129.6,,21438464,5000,
median,zstd,snapshot-cold,25,108.644,79.961,136.1,546161,1511424,162,
median,zstd,prepare-miss,25,341.510,,151.5,546165,1511424,162,
small,n/a,git-warm,25,76.757,,151.7,,380928,29,
small,zstd,snapshot-cold,25,65.321,32.310,153.7,103801,434176,85,
many-small,zstd,prepare-miss,25,2926.110,,142.5,478757,21352448,5012,
large,gzip,snapshot-cold,25,1035.179,785.429,166.1,10137025,26808320,1988,
many-small,zstd,snapshot-warm,25,997.722,4.374,170.0,0,21352448,5012,
many-small,gzip,snapshot-cold,25,1243.372,906.326,170.6,558527,21352448,5012,
many-small,zstd,snapshot-cold,25,1322.666,900.096,174.0,478162,21352448,5012,
small,gzip,prepare-miss,25,249.542,,175.6,101860,434176,85,
large,zstd,snapshot-warm,25,535.302,5.567,181.3,0,26808320,1988,
small,gzip,snapshot-warm,25,38.565,0.995,181.3,0,434176,85,
large,gzip,snapshot-warm,25,467.613,4.643,184.1,0,26808320,1988,
small,n/a,git-cold,25,106.387,,184.1,,380928,29,
small,zstd,prepare-miss,25,238.866,,185.2,103807,434176,85,
many-small,gzip,prepare-miss,25,2599.998,,188.3,558234,21352448,5012,
large,zstd,prepare-miss,25,1871.896,,225.0,9848964,26808320,1988,
median,gzip,prepare-miss,25,334.659,,225.1,542805,1511424,162,
median,zstd,snapshot-warm,25,52.048,1.147,226.4,0,1511424,162,
large,n/a,git-cold,25,1393.257,,226.5,,26894336,1976,
median,gzip,snapshot-cold,25,89.021,68.401,226.9,542804,1511424,162,
median,n/a,git-cold,25,187.029,,226.9,,1597440,150,
large,zstd,snapshot-cold,25,726.079,556.402,228.0,9848707,26808320,1988,
large,gzip,prepare-miss,25,2198.524,,248.5,10136658,26808320,1988,
small,gzip,snapshot-cold,25,54.890,42.818,248.5,101856,434176,85,
many-small,gzip,snapshot-warm,25,968.433,4.313,249.9,0,21352448,5012,
large,zstd,snapshot-cold,26,769.320,582.869,252.5,9848707,26808320,1988,
many-small,zstd,snapshot-warm,26,1018.219,3.154,254.1,0,21352448,5012,
many-small,gzip,snapshot-warm,26,972.989,3.935,254.4,0,21352448,5012,
large,gzip,snapshot-cold,26,741.915,607.597,255.3,10137025,26808320,1988,
large,n/a,git-cold,26,1412.499,,255.3,,26894336,1976,
median,zstd,snapshot-cold,26,90.657,76.613,255.3,546161,1511424,162,
small,zstd,prepare-miss,26,271.946,,255.6,103806,434176,85,
small,gzip,snapshot-cold,26,56.758,30.519,255.6,101856,434176,85,
small,zstd,snapshot-warm,26,40.200,1.597,255.9,0,434176,85,
median,zstd,snapshot-warm,26,51.525,0.881,256.2,0,1511424,162,
large,zstd,prepare-miss,26,2032.514,,262.2,9849109,26812416,1988,
many-small,n/a,git-cold,26,2368.683,,262.3,,21438464,5000,
large,zstd,snapshot-warm,26,455.313,4.556,263.6,0,26808320,1988,
small,gzip,snapshot-warm,26,41.545,4.549,263.6,0,434176,85,
many-small,gzip,prepare-miss,26,2470.447,,263.9,559128,21352448,5012,
large,gzip,prepare-miss,26,2117.221,,265.8,10137251,26808320,1988,
small,zstd,snapshot-cold,26,55.563,42.642,265.9,103801,434176,85,
small,n/a,git-cold,26,99.535,,265.9,,380928,29,
median,n/a,git-cold,26,192.704,,265.9,,1597440,150,
large,gzip,snapshot-warm,26,456.218,3.494,266.7,0,26808320,1988,
large,n/a,git-warm,26,709.157,,266.8,,26894336,1976,
many-small,zstd,snapshot-cold,26,1245.108,883.786,267.1,478162,21352448,5012,
median,zstd,prepare-miss,26,305.498,,268.2,546165,1511424,162,
small,n/a,git-warm,26,62.091,,268.2,,380928,29,
median,gzip,prepare-miss,26,365.518,,268.4,542804,1511424,162,
many-small,gzip,snapshot-cold,26,1189.751,865.599,268.7,558527,21352448,5012,
median,gzip,snapshot-cold,26,86.902,66.853,268.7,542804,1511424,162,
many-small,zstd,prepare-miss,26,2303.422,,270.3,478701,21352448,5012,
median,gzip,snapshot-warm,26,54.663,21.886,270.3,0,1511424,162,
many-small,n/a,git-warm,26,711.184,,270.3,,21438464,5000,
median,n/a,git-warm,26,93.289,,270.3,,1597440,150,
small,gzip,prepare-miss,26,229.683,,270.4,101860,434176,85,
large,n/a,git-warm,27,691.702,,270.4,,26894336,1976,
median,gzip,snapshot-warm,27,51.812,3.416,270.4,0,1511424,162,
median,n/a,git-cold,27,183.319,,270.5,,1597440,150,
small,n/a,git-warm,27,59.914,,270.5,,380928,29,
large,zstd,prepare-miss,27,1842.154,,282.9,9848036,26808320,1988,
small,n/a,git-cold,27,99.967,,282.9,,380928,29,
many-small,gzip,prepare-miss,27,2364.043,,283.4,558945,21352448,5012,
median,zstd,snapshot-cold,27,88.106,72.924,283.4,546161,1511424,162,
many-small,gzip,snapshot-warm,27,948.561,5.126,283.3,0,21352448,5012,
many-small,zstd,snapshot-warm,27,979.758,3.660,283.5,0,21352448,5012,
many-small,n/a,git-warm,27,671.328,,283.5,,21438464,5000,
large,zstd,snapshot-warm,27,449.709,3.783,284.0,0,26808320,1988,
large,zstd,snapshot-cold,27,730.066,592.357,284.0,9848707,26808320,1988,
median,gzip,snapshot-cold,27,86.603,73.582,284.0,542804,1511424,162,
median,n/a,git-warm,27,94.428,,284.0,,1597440,150,
large,gzip,snapshot-cold,27,713.613,581.810,284.0,10137025,26808320,1988,
small,zstd,snapshot-cold,27,54.192,36.160,284.0,103801,434176,85,
median,gzip,prepare-miss,27,306.081,,284.0,542805,1511424,162,
median,zstd,snapshot-warm,27,60.548,1.376,284.0,0,1511424,162,
many-small,gzip,snapshot-cold,27,1197.535,876.422,284.0,558527,21352448,5012,
median,zstd,prepare-miss,27,283.710,,285.5,546165,1511424,162,
small,gzip,prepare-miss,27,233.700,,285.5,101860,434176,85,
small,zstd,prepare-miss,27,235.222,,285.8,103808,434176,85,
many-small,n/a,git-cold,27,2191.572,,285.8,,21438464,5000,
small,gzip,snapshot-cold,27,53.780,38.125,285.8,101856,434176,85,
many-small,zstd,prepare-miss,27,2318.316,,286.2,478988,21352448,5012,
many-small,zstd,snapshot-cold,27,1207.944,880.591,288.8,478162,21352448,5012,
large,gzip,prepare-miss,27,2187.409,,306.2,10137028,26808320,1988,
large,n/a,git-cold,27,1335.762,,306.2,,26894336,1976,
small,zstd,snapshot-warm,27,37.071,0.875,306.2,0,434176,85,
large,gzip,snapshot-warm,27,428.491,6.840,306.8,0,26808320,1988,
small,gzip,snapshot-warm,27,36.500,0.805,306.8,0,434176,85,
many-small,n/a,git-cold,28,2109.926,,306.7,,21438464,5000,
large,n/a,git-warm,28,708.820,,306.7,,26894336,1976,
large,zstd,snapshot-cold,28,740.666,629.000,306.7,9848707,26808320,1988,
large,zstd,prepare-miss,28,2027.793,,310.9,9848035,26808320,1988,
small,zstd,prepare-miss,28,222.656,,312.0,103807,434176,85,
many-small,gzip,snapshot-warm,28,917.438,3.339,312.2,0,21352448,5012,
median,gzip,prepare-miss,28,319.942,,312.3,542805,1511424,162,
many-small,zstd,prepare-miss,28,2351.796,,312.9,478481,21352448,5012,
median,zstd,snapshot-warm,28,51.263,0.885,314.0,0,1511424,162,
large,zstd,snapshot-warm,28,421.756,6.125,314.0,0,26808320,1988,
many-small,n/a,git-warm,28,658.023,,314.0,,21438464,5000,
median,zstd,snapshot-cold,28,84.220,63.521,314.1,546161,1511424,162,
small,zstd,snapshot-cold,28,54.323,26.085,314.1,103801,434176,85,
small,gzip,snapshot-cold,28,60.968,36.877,314.1,101856,434176,85,
small,zstd,snapshot-warm,28,37.301,0.993,314.1,0,434176,85,
large,gzip,snapshot-cold,28,704.926,564.602,314.1,10137025,26808320,1988,
many-small,gzip,snapshot-cold,28,1225.139,841.557,314.1,558527,21352448,5012,
large,n/a,git-cold,28,1349.756,,314.1,,26898432,1976,
median,zstd,prepare-miss,28,288.576,,314.8,546166,1511424,162,
small,n/a,git-warm,28,60.927,,314.8,,380928,29,
large,gzip,prepare-miss,28,2236.970,,314.9,10137030,26808320,1988,
small,n/a,git-cold,28,98.535,,314.9,,380928,29,
median,gzip,snapshot-warm,28,49.851,0.877,314.9,0,1511424,162,
small,gzip,prepare-miss,28,243.207,,314.9,101860,434176,85,
small,gzip,snapshot-warm,28,38.133,0.713,314.9,0,434176,85,
many-small,gzip,prepare-miss,28,2499.711,,315.0,559390,21352448,5012,
many-small,zstd,snapshot-cold,28,1269.255,891.411,315.0,478162,21352448,5012,
median,n/a,git-warm,28,101.417,,315.0,,1597440,150,
median,n/a,git-cold,28,190.650,,315.0,,1597440,150,
many-small,zstd,snapshot-warm,28,1013.632,7.938,315.0,0,21352448,5012,
large,gzip,snapshot-warm,28,432.037,5.204,315.1,0,26808320,1988,
median,gzip,snapshot-cold,28,93.171,102.037,315.1,542804,1511424,162,
many-small,zstd,prepare-miss,29,2483.149,,315.2,478174,21352448,5012,
small,gzip,prepare-miss,29,241.976,,315.2,101860,434176,85,
median,zstd,snapshot-warm,29,55.425,1.081,315.4,0,1511424,162,
large,n/a,git-cold,29,1400.941,,315.3,,26894336,1976,
many-small,zstd,snapshot-warm,29,1024.520,2.851,315.3,0,21352448,5012,
small,zstd,snapshot-cold,29,56.684,45.104,315.7,103801,434176,85,
small,zstd,prepare-miss,29,230.718,,315.7,103805,434176,85,
many-small,gzip,snapshot-cold,29,1196.253,863.760,315.7,558527,21352448,5012,
large,gzip,snapshot-warm,29,423.701,4.177,315.7,0,26808320,1988,
large,n/a,git-warm,29,697.363,,315.7,,26894336,1976,
median,zstd,snapshot-cold,29,91.284,77.827,315.7,546161,1511424,162,
median,n/a,git-cold,29,188.095,,315.7,,1597440,150,
many-small,gzip,snapshot-warm,29,950.130,3.570,315.7,0,21352448,5012,
small,n/a,git-cold,29,95.616,,315.7,,380928,29,
median,gzip,prepare-miss,29,304.556,,315.7,542805,1511424,162,
median,n/a,git-warm,29,96.531,,315.7,,1597440,150,
small,n/a,git-warm,29,60.233,,315.7,,380928,29,
large,gzip,prepare-miss,29,2142.530,,315.7,10136659,26808320,1988,
small,zstd,snapshot-warm,29,38.071,0.843,315.7,0,434176,85,
large,zstd,snapshot-warm,29,460.628,4.431,315.7,0,26808320,1988,
many-small,n/a,git-cold,29,2278.024,,315.7,,21438464,5000,
many-small,gzip,prepare-miss,29,2394.112,,315.9,559079,21352448,5012,
small,gzip,snapshot-cold,29,54.152,38.656,315.9,101856,434176,85,
median,zstd,prepare-miss,29,388.208,,316.9,546165,1511424,162,
large,gzip,snapshot-cold,29,690.864,572.000,317.4,10137025,26808320,1988,
median,gzip,snapshot-cold,29,87.250,73.420,317.4,542804,1511424,162,
many-small,n/a,git-warm,29,684.059,,317.4,,21438464,5000,
median,gzip,snapshot-warm,29,50.807,0.875,317.4,0,1511424,162,
many-small,zstd,snapshot-cold,29,1187.622,856.551,317.4,478162,21352448,5012,
large,zstd,prepare-miss,29,1909.687,,317.7,9848035,26808320,1988,
small,gzip,snapshot-warm,29,40.386,0.918,317.7,0,434176,85,
large,zstd,snapshot-cold,29,910.565,609.161,318.6,9848707,26808320,1988,
large,gzip,prepare-miss,30,2193.404,,318.8,10136659,26808320,1988,
small,n/a,git-warm,30,69.500,,318.8,,380928,29,
large,n/a,git-warm,30,739.548,,318.8,,26894336,1976,
many-small,n/a,git-cold,30,2276.282,,318.8,,21438464,5000,
small,gzip,snapshot-warm,30,49.982,0.903,318.8,0,434176,85,
small,zstd,snapshot-warm,30,45.797,2.821,318.8,0,434176,85,
many-small,n/a,git-warm,30,712.539,,318.8,,21438464,5000,
median,zstd,prepare-miss,30,301.098,,318.8,546164,1511424,162,
large,gzip,snapshot-warm,30,470.705,3.994,319.3,0,26808320,1988,
many-small,gzip,snapshot-cold,30,1300.287,882.460,319.3,558527,21352448,5012,
median,zstd,snapshot-warm,30,53.352,0.990,319.3,0,1511424,162,
large,zstd,snapshot-cold,30,724.399,575.858,319.3,9848707,26808320,1988,
large,n/a,git-cold,30,1476.465,,319.3,,26894336,1976,
many-small,gzip,snapshot-warm,30,1009.522,4.133,319.3,0,21352448,5012,
small,gzip,prepare-miss,30,243.297,,319.4,101859,434176,85,
large,zstd,snapshot-warm,30,461.197,4.757,319.4,0,26808320,1988,
median,gzip,prepare-miss,30,318.901,,319.4,542806,1511424,162,
small,gzip,snapshot-cold,30,55.083,30.235,319.4,101856,434176,85,
small,zstd,snapshot-cold,30,52.596,26.760,319.4,103801,434176,85,
median,gzip,snapshot-cold,30,85.988,64.609,319.4,542804,1511424,162,
many-small,zstd,snapshot-cold,30,1230.307,884.546,319.4,478162,21352448,5012,
small,zstd,prepare-miss,30,245.468,,319.4,103807,434176,85,
large,zstd,prepare-miss,30,1990.465,,323.0,9848036,26808320,1988,
many-small,zstd,snapshot-warm,30,986.603,7.640,323.0,0,21352448,5012,
median,n/a,git-cold,30,195.754,,323.0,,1597440,150,
median,n/a,git-warm,30,100.240,,323.0,,1597440,150,
median,gzip,snapshot-warm,30,79.991,3.053,323.0,0,1511424,162,
many-small,zstd,prepare-miss,30,2661.210,,325.3,478495,21352448,5012,
many-small,gzip,prepare-miss,30,2543.429,,325.3,558941,21352448,5012,
small,n/a,git-cold,30,100.512,,325.3,,380928,29,
median,zstd,snapshot-cold,30,86.818,71.660,325.3,546161,1511424,162,
large,gzip,snapshot-cold,30,749.082,605.880,325.3,10137025,26808320,1988,
